{
    "format": "catlab_directed_graph_v1",
    "num_nodes": 5,
    "x": [
        [
            -0.36335748145177754,
            0.47673837983187795
        ],
        [
            0.2517372155742292,
            -0.8595553820616212
        ],
        [
            -0.31498797116895605,
            -1.4692882055065464
        ],
        [
            -0.31125240132442067,
            -0.20661311448119266
        ],
        [
            0.8163067649323273,
            -0.31074387308373413
        ]
    ],
    "edges": [
        [
            0,
            1
        ],
        [
            1,
            0
        ],
        [
            1,
            2
        ],
        [
            2,
            1
        ],
        [
            2,
            3
        ],
        [
            3,
            2
        ],
        [
            3,
            4
        ],
        [
            4,
            3
        ]
    ],
    "y": [
        [
            -0.31283819348774383,
            0.5312759312542884
        ],
        [
            0.16000836931273554,
            -0.9735176953668606
        ],
        [
            -0.4587577762524445,
            -1.403097901891978
        ],
        [
            -0.32653368074689915,
            -0.10151208240612333
        ],
        [
            0.7796211882056324,
            -0.42261044689054234
        ]
    ]
}